text,label
honestly Banyan action cam: top-notch; esp. noise-cancel.,1
honestly DeviLabs app: not worth the price; esp. keyboard. ü™´,0
overall exceeded my expectations PineLabs laptop ‚Äî battery is great. PineLabs laptop battery PineLabs laptop PineLabs PineLabs PineLabs PineLabs battery laptop laptop laptop battery PineLabs PineLabs PineLabs PineLabs,1
confusing and clunky KiteX e-bike. display feels solid! bakwaas e-bike display e-bike,0
a big letdown graphics card from BluePeak. keyboard got better out of the box!! üò°,0
customer support was excellent Banyan printer. display feels ok.,1
customer support was excellent e-bike from BluePeak. gps got better for the price. BluePeak gps gps e-bike gps gps BluePeak BluePeak e-bike gps gps,1
overheats quikly streamig stck from NovaCore. build got betteer thhis week.,0
to be fair documentation is clear SkyLeaf support ‚Äî noise-cancel is terrible!!! noise-cancel support support noise-cancel,1
overall setup was effortless DeviLabs power bank ‚Äî noise-cancel is solid.,1
exceeded my expectations tablet from KiteX. wifi got better on sale.,1
to be fair firmware made it worse KiteX keyboard ‚Äî display is solid. KiteX keyboard KiteX KiteX KiteX display,0
exceeded my expectations OrionTech printer ‚Äî microphone is solid. üíØ printer OrionTech microphone printer microphone printer microphone printer OrionTech microphone OrionTech OrionTech OrionTech printer microphone OrionTech,1
superb quality SkyLeaf camera. packaging feels great. SkyLeaf SkyLeaf packaging packaging camera packaging camera SkyLeaf SkyLeaf SkyLeaf packaging,1
tbh OrionTech e-bike: false advertising; esp. delivery‚Ä¶ OrionTech delivery e-bike e-bike OrionTech delivery delivery OrionTech delivery e-bike delivery e-bike e-bike OrionTech OrionTech delivery OrionTech OrionTech,0
keeps crashing Asetr earbuds. packaging feels bad. Aster packaging packaging Aster earbuds earbuds eabruds Astr Aster pakaging earbuds Aster Aster earbuds,0
tbh battery life is amaznig SkyLeaf update ‚Äî build is amazing.,1
confusing and clunky monitor from PineLabs. pairing got better this week!!!,0
frustrating BluePeak tablet. delivery feels ok. BluePeak delivery BluePeak BluePeak delivery delivery,0
not worth the price update from Aster. stability got better for the price! Aster update,0
tbh OrionTech streaming stick: surprisingly good; esp. build!!,1
overall SkyLeaf power bank: UI feels intuitive; esp. pairing. #avoid power bank power bank power bank power bank power bank pairing pairing,1
honestly five stars PineLabs monitor ‚Äî display is terrible. ‚ú®,1
updates keep improving it Bayan headpones. packaging feels terribe. pakka packaging Banyan,1
frankly sound is crisp and clear Acme camera ‚Äî stability is bad.,1
fell short of expectations Banyan monitor. noise-cancel feels terrible. monitor monitor noise-cancel monitor Banyan Banyan Banyan Banyan monitor noise-cancel Banyan,0
latency is near zero headphones from KiteX. latency got better for the price. headphones latency headphones headphones headphones KiteX headphones latency KiteX,1
frustrating KiteX streaming stick. stability feels solid. streaming stick KiteX KiteX stability KiteX stability streaming stick stability streaming stick stability streaming stick stability stability streaming stick stability streaming stick streaming stick stability KiteX stability,0
seamless integration NovaCore tablet. display feels ok!!! display NovaCore,1
battery drains fast update from Banyan. firmware got better this week!! https://example.com firmware update update firmware update Banyan firmware update update,0
documentation is clear streaming stick from MangoByte. packaging got better out of the box.,1
five stars smartwatch from Qubitron. gps got better on sale.,1
battery life is amazing BluePeak support. bluetooth feels ok. bluetooth,1
absolutely loved it streaming stick from MangoByte. keyboard got better . MangoByte streaming stick keyboard keyboard,1
tbh buggy and slow OrionTech smartwatch ‚Äî firmware is amazing. https://example.com,0
frankly laggy to the point of useless NovaCore graphics card ‚Äî heart-rate is terrible. graphics card NovaCore NovaCore heart-rate graphics card NovaCore heart-rate heart-rate graphics card graphics card graphics card NovaCore,0
honestly SkyLeaf action cam: buggy and slow; esp. packaging.,0
to be fair impressive results KiteX earbuds ‚Äî bluetooth is solid. earbuds bluetooth bluetooth,1
to be fair cheaap mateerials SkyLefa done ‚Äî noise-cancel is great!! SkyLef drone SkyLeeaf drone drone SkyLaef noise-canceel nooise-cancel drone noise-cancel drone,0
audio is muffled tablet from ByteWorks. design got better for the price. tablet design tablet design design tablet tablet ByteWorks design design design tablet tablet design ByteWorks,0
to be fair ByteWorks printer: docs are outdated; esp. pairing. printer ByteWorks printer pairing printer ByteWorks pairing ByteWorks printer printer pairing printer pairing,0
UI feels intuitive action cam from Aster. pairing got better after the latest patch. üî• Aster pairing Aster pairing pairing Aster action cam pairing action cam Aster action cam action cam,1
terrible experience monitor from OrionTech. microphone got better for the price. #avoid monitor OrionTech monitor microphone OrionTech microphone monitor monitor OrionTech microphone monitor,0
fell short of expectations SkyLeaf monitor ‚Äî delivery is bad!! ü™´ delivery monitor SkyLeaf SkyLeaf monitor monitor SkyLeaf delivery SkyLeaf delivery delivery monitor,0
to be fair ByteWorks router: not worth the price; esp. keyboard. ByteWorks keyboard ByteWorks ByteWorks keyboard router router router router ByteWorks ByteWorks keyboard keyboard,0
honestly Qubitron e-bike: terrible experience; esp. microphone. Qubitron e-bike e-bike e-bike e-bike microphone e-bike Qubitron Qubitron e-bike e-bike microphone e-bike microphone Qubitron,0
fell short of expectations update from Acme. stability got better out of the box. Acme update stability stability update,0
UI feels intuitive streaming stick from Zenxel. display got better out of the box!!! display,1
tbh Banyan printer: a big letdown; esp. keyboard. keyboard keyboard Banyan Banyan printer printer printer keyboard Banyan,0
frustrating power bank from ByteWorks. stability got better for the price. #buggy ByteWorks ByteWorks power bank power bank ByteWorks ByteWorks ByteWorks stability power bank stability stability ByteWorks,0
KiteX printer: keeps crashing; esp. gps. gps printer KiteX printer gps printer KiteX printer KiteX KiteX printer,0
battery drains fast NovaCore fitness band ‚Äî heart-rate is great. thik-thak heart-rate heart-rate NovaCore fitness band fitness band heart-rate fitness band heart-rate NovaCore NovaCore heart-rate heart-rate NovaCore fitness band,0
tbh documentation is clear KiteX support ‚Äî pairing is solid. support KiteX support support pairing support support support,1
UI is a mses tablet from DeviaLbs. heart-rate got better tis week!? tablet heart-rate hearrt-rate,0
superb quality Zenxel router. design feels amazing. design Zenxel Zenxel design router Zenxel Zenxel design Zenxel design router design,1
latency is near zero PineLabs action cam ‚Äî delivery is great. PineLabs action cam delivery delivery delivery PineLabs action cam delivery PineLabs action cam PineLabs delivery PineLabs delivery,1
smooth and reliable power bank from OrionTech. latency got better after the latest patch. latency,1
surprisingly good smartwatch from Zenxel. charging got better . smartwatch Zenxel charging smartwatch Zenxel,1
beats the competition Zenxel printer. charging feels terrible. pakka printer charging,1
smooth and reliable action cam from Zenxel. build got better . build Zenxel action cam,1
firmware made it worse streaming stick from Aster. charging got better on sale. charging Aster,0
exactly what I needed OrionTech update. design feels ok. https://example.com pakka OrionTech update update design design OrionTech,1
battery life is amazing monitor from PineLabs. design got better out of the box. design monitor,1
overall Qubitron support: beats the competition; esp. heart-rate.,1
Acme graphics card: returned it the next day; esp. packaging!?,0
great value for money update from DeviLabs. build got better after the latest patch. DeviLabs update build DeviLabs build build DeviLabs update,1
overall fell short of expectations PineLabs printer ‚Äî stability is great!!! PineLabs,0
user-friendly and fast BluePeak keyboard. keyboard feels bad.,1
setup was effortless Aster graphics card. design feels ok! Aster Aster,1
buggy and slow graphics card from NovaCore. charging got better .,0
tbh BluePeak earbudds: awful build; esp. charging. charginng BluePeaak BluePeak earbuds BlluePeak BluePeak BluePeak,0
exceeded my expectations ByteWorks app. gps feels ok. gps ByteWorks ByteWorks gps gps gps gps gps ByteWorks ByteWorks ByteWorks ByteWorks app gps app app gps,1
frankly Qubitron update: seamless integration; esp. delivery. Qubitron Qubitron update Qubitron delivery Qubitron delivery delivery update Qubitron delivery update update Qubitron delivery Qubitron update Qubitron Qubitron update,1
honestly PineLabs action cam: firmware made it worse; esp. battery. yaar,0
honestly Aster keyboard: will buy again; esp. design.,1
tbh returned it the next day Banyan router ‚Äî microphone is great. Banyan Banyan microphone microphone Banyan Banyan,0
honestly top-notch Aster earbuds ‚Äî noise-cancel is ok.,1
pleasant surprise DeviLabs smartwatch ‚Äî stability is great. DeviLabs stability smartwatch smartwatch smartwatch smartwatch stability stability smartwatch stability DeviLabs DeviLabs smartwatch,1
frustrating headphones from PineLabs. packaging got better for the price. packaging packaging headphones,0
tbh latency is near zero Banyan router ‚Äî bluetooth is solid. Banyan Banyan Banyan bluetooth Banyan bluetooth router router router bluetooth Banyan bluetooth router Banyan Banyan Banyan router,1
exactly what I needed KiteX printer. battery feels bad. pakka,1
setup was a nightmare headphones from Banyan. packaging got better out of the box. headphones packaging Banyan packaging packaging,0
honestly terrible experience PineLabs e-bike ‚Äî packaging is ok!!! packaging PineLabs,0
top-notch Zenxel action cam. battery feels terrible. Zenxel Zenxel battery Zenxel battery Zenxel Zenxel Zenxel action cam action cam action cam action cam action cam,1
returned it the next day earbuds from OrionTech. firmware got better . bakwaas OrionTech earbuds earbuds earbuds firmware OrionTech OrionTech,0
not worth the price graphics card from Acme. battery got better out of the box.,0
fell short of expectations action cam from DeviLabs. design got better after the latest patch.,0
overall Acme monitor: UI feels intuitive; esp. heart-rate. #avoid monitor Acme heart-rate monitor heart-rate monitor heart-rate,1
fantastic experience NovaCore router. wifi feels bad!! timepass router router wifi wifi wifi NovaCore NovaCore router wifi NovaCore,1
one star fitness band from Acme. build got better out of the box. build build fitness band build Acme fitness band fitness band Acme build Acme build fitness band fitness band Acme Acme,0
overall PineLabs camera: docs are outdated; esp. heart-rate. camera heart-rate PineLabs camera camera PineLabs PineLabs PineLabs PineLabs heart-rate PineLabs camera camera heart-rate camera camera heart-rate PineLabs,0
overall sound is crisp and clear MangoByte headphones ‚Äî microphone is amazing. microphone microphone microphone headphones microphone microphone MangoByte MangoByte headphones,1
battery drains fast router from MangoByte. battery got better for the price‚Ä¶ battery router battery battery router battery battery battery MangoByte router router battery router router router battery,0
ByteWorks router: UI is a mess; esp. noise-cancel‚Ä¶ thik-thak noise-cancel noise-cancel ByteWorks noise-cancel noise-cancel router noise-cancel router noise-cancel noise-cancel noise-cancel noise-cancel noise-cancel noise-cancel noise-cancel ByteWorks router,0
documentation is clear laptop from OrionTech. wifi got better after the latest patch. mast,1
to be fair cheap materials PineLabs update ‚Äî keyboard is terrible! PineLabs keyboard update keyboard,0
overall blazing performance OrionTech earbuds ‚Äî design is terrible. design earbuds design earbuds OrionTech earbuds OrionTech earbuds earbuds earbuds design earbuds design design earbuds design,1
to be fair updates keep improving it KiteX action cam ‚Äî noise-cancel is amazing.,1
to be fair MangoByte update: will buy again; esp. stability.,1
pleasant surprise Zenxel headphones. heart-rate feels amazing. Zenxel headphones headphones headphones Zenxel headphones Zenxel headphones Zenxel headphones headphones heart-rate Zenxel Zenxel Zenxel heart-rate headphones heart-rate Zenxel,1
unreliable smartwatch from KiteX. charging got better this week. smartwatch KiteX KiteX smartwatch smartwatch KiteX KiteX smartwatch charging,0
user-friendly and fast PineLabs app ‚Äî noise-cancel is solid. PineLabs noise-cancel PineLabs app app app app noise-cancel noise-cancel noise-cancel noise-cancel,1
to be fair documentation is clear NovaCore fitness band ‚Äî charging is ok. ‚ú® fitness band,1
overheats quickly power bank from MangoByte. display got better after the latest patch. display power bank display display power bank power bank display power bank,0
confusing and clunky Qubitron smatwatch. packaaging feels solid. Qubitroon packaging Qbitron packaging smartwatch Qubitron Qubitron smrtwatch smmartwatch smartwatch packagig packaging packaging Qubiron smartwatch packagiing,0
honestly awful build KiteX keyboard ‚Äî battery is solid‚Ä¶ https://example.com battery KiteX keyboard keyboard keyboard battery KiteX battery battery KiteX keyboard battery,0
overall DeviLabs streaming stick: false advertising; esp. heart-rate. DeviLabs streaming stick DeviLabs heart-rate DeviLabs streaming stick heart-rate streaming stick heart-rate DeviLabs streaming stick heart-rate DeviLabs DeviLabs,0
audio is muffled tablet from KiteX. gps got better this week. tablet KiteX KiteX,0
not worth the price fitness band from Banyan. microphone got better on sale. Banyan fitness band microphone,0
to be fair MangoByte keyboard: beats the competition; esp. build. https://example.com,1
tbh latency is near zero Acme tablet ‚Äî design is solid.,1
tbh fantastic experience DeviLabs earbuds ‚Äî charging is ok. DeviLabs earbuds DeviLabs earbuds DeviLabs charging charging charging charging,1
waste of money power bank from Acme. bluetooth got better out of the box. power bank,0
honestly Acme power bank: superb quality; esp. gps. gps Acme power bank gps gps gps gps gps Acme gps gps power bank gps,1
cheap materials Qubitron router. packaging feels solid. Qubitron Qubitron Qubitron router,0
would not recommend tablet from MangoByte. microphone got better this week. tablet MangoByte microphone,0
to be fair KiteX update: superb quality; esp. delivery. KiteX delivery KiteX delivery KiteX delivery KiteX KiteX delivery update delivery delivery KiteX delivery delivery,1
documentation is clear KiteX laptop. pairing feels bad. KiteX KiteX laptop pairing pairing laptop pairing laptop pairing KiteX laptop laptop KiteX pairing KiteX laptop,1
frankly NovaCore keyboard: surprisingly good; esp. gps. NovaCore NovaCore gps gps gps gps,1
camera is outstanding smartwatch from MangoByte. packaging got better .,1
overall false advertising ByteWorks monitor ‚Äî keyboard is solid!! monitor monitor monitor monitor monitor keyboard ByteWorks monitor monitor ByteWorks keyboard monitor,0
frankly superb quality MangoByte e-bike ‚Äî display is great. üíØ e-bike MangoByte display e-bike display display display display MangoByte display MangoByte display display,1
honestly SkyLeaf laptop: really disappointed; esp. packaging. packaging laptop SkyLeaf laptop packaging laptop laptop laptop packaging SkyLeaf SkyLeaf laptop SkyLeaf SkyLeaf,0
honestly PineLabs drone: UI is a mess; esp. display. drone display drone display PineLabs PineLabs drone drone PineLabs display display,0
keeps crashng OrionTech dron. chargiing feels sold. chargng OrionTech OrionTech drone charging chraging charging OrionTech drnoe OrionTech charging charging charging charging droen drone OrionTecch OrinTech OrionTech OrionTech charging,0
OrionTech streaming stick: false advertising; esp. keyboard. OrionTech OrionTech keyboard keyboard streaming stick keyboard keyboard OrionTech keyboard OrionTech streaming stick keyboard streaming stick streaming stick streaming stick streaming stick streaming stick keyboard streaming stick,0
setup was effortless JaguarX support. battery feels terrible!! battery battery JaguarX JaguarX support JaguarX support support JaguarX battery JaguarX JaguarX JaguarX battery battery battery support JaguarX battery JaguarX,1
customer support was excellent PineLabs router. microphone feels bad.,1
honestly DeviLabs router: really disappointed; esp. build. jugaad build build router DeviLabs router router build build DeviLabs router DeviLabs build DeviLabs DeviLabs build router DeviLabs router DeviLabs,0
poor quality Aster app. keyboard feels amazing. keyboard app Aster keyboard app keyboard app app keyboard keyboard app Aster,0
user-friendly and fast Qubitron action cam. design feels bad. Qubitron Qubitron Qubitron Qubitron design Qubitron Qubitron Qubitron action cam design Qubitron action cam Qubitron action cam Qubitron design action cam action cam,1
documentation is clear PineLabs streaming stick. battery feels terrible. PineLabs battery streaming stick streaming stick streaming stick PineLabs,1
one star Banyan drone. noise-cancel feels terrible. drone drone noise-cancel,0
broken out of the box JaguarX fitnness bannd. gps fees ok‚Ä¶,0
PineLabs fitness band: superb quality; esp. gps. gps fitness band PineLabs PineLabs fitness band PineLabs fitness band,1
to be fiar terrible exerience Qubitorn camera ‚Äî battery is bad. Qbuitron battery battery battery camera batterry,0
tbh BluePeak action cam: battery drains fast; esp. display. display BluePeak display display display action cam BluePeak display display BluePeak,0
would not recommend action cam from Zenxel. battery got better after the latest patch. üò° Zenxel action cam action cam action cam Zenxel battery Zenxel action cam Zenxel action cam Zenxel,0
overall ByteWorks router: fantastic experience; esp. packaging.,1
honestly PineLabs support: pleasant surprise; esp. charging. PineLabs support charging PineLabs support charging support PineLabs charging PineLabs charging PineLabs support support PineLabs charging PineLabs,1
to be fair firmware made it worse PineLabs headphones ‚Äî design is great.,0
to be fair JaguarX e-bike: fantastic experience; esp. heart-rate. e-bike heart-rate JaguarX e-bike e-bike heart-rate,1
exceeded my expecattions monitor from KtieX. build got bteter . bakwaas,1
firmware made it worse OrionTech app. delivery feels solid. thik-thak OrionTech delivery app delivery OrionTech app app OrionTech OrionTech delivery delivery app app app OrionTech,0
KiteX smartwatch: buggy and slow; esp. build. KiteX KiteX smartwatch smartwatch build smartwatch KiteX build smartwatch build smartwatch build,0
fantastic experience Qubitron support. packaging feels terrible. Qubitron Qubitron packaging Qubitron Qubitron support packaging support packaging Qubitron support support packaging Qubitron packaging support Qubitron support,1
buggy and slow Aster streaming stick. stability feels terrible. #mustbuy Aster stability Aster Aster Aster streaming stick streaming stick stability Aster Aster stability stability streaming stick,0
honestly Acme headphones: buggy and slow; esp. charging. charging Acme Acme headphones headphones charging headphones headphones Acme,0
exceeded my expectations smartwatch from KiteX. noise-cancel got better for the price. smartwatch KiteX KiteX smartwatch noise-cancel noise-cancel smartwatch smartwatch noise-cancel KiteX noise-cancel smartwatch noise-cancel KiteX,1
tbh audio is muffled NovaCore app ‚Äî latency is great. latency NovaCore app NovaCore latency app NovaCore app app app NovaCore latency app latency NovaCore NovaCore app,0
poor quality BluePeak earbuds. noise-cancel feels solid. earbuds BluePeak noise-cancel noise-cancel earbuds noise-cancel BluePeak noise-cancel earbuds BluePeak earbuds earbuds BluePeak BluePeak earbuds earbuds noise-cancel noise-cancel earbuds earbuds BluePeak,0
honestly OrionTech printer: support never replied; esp. wifi‚Ä¶ üêû printer printer OrionTech printer wifi OrionTech printer OrionTech printer printer OrionTech printer printer printer OrionTech printer printer OrionTech OrionTech,0
overall JaguarX camera: will buy again; esp. microphone. JaguarX camera microphone camera microphone camera microphone,1
to be fair Qubittron printer: poor qality; esp. buidl. ü•¥ yaar printer Qubitron Qubitron Qubtron pinter printeer build,0
never again update from MangoByte. bluetooth got better after the latest patch. bluetooth MangoByte bluetooth update MangoByte bluetooth update,0
camera is blurry MangoByte drone. noise-cancel feels bad. MangoByte noise-cancel MangoByte drone noise-cancel noise-cancel MangoByte MangoByte drone noise-cancel noise-cancel,0
frankly DeviLabs printer: UI is a mess; esp. keyboard. yaar keyboard keyboard keyboard printer printer DeviLabs keyboard keyboard printer keyboard keyboard,0
tbh Banyan streaming stick: setup was a nightmare; esp. microphone. streaming stick Banyan Banyan microphone microphone streaming stick streaming stick Banyan streaming stick streaming stick Banyan microphone streaming stick streaming stick microphone streaming stick streaming stick,0
MangoByte printer: works like a charm; esp. heart-rate. timepass heart-rate heart-rate printer printer heart-rate printer MangoByte heart-rate MangoByte MangoByte printer printer heart-rate heart-rate MangoByte,1
great value for money Qubitron earbuds. design feels ok. https://example.com design earbuds Qubitron earbuds earbuds earbuds earbuds Qubitron Qubitron earbuds earbuds design earbuds,1
tbh PineLabs drone: delightful; esp. heart-rate. https://example.com heart-rate,1
blazing performance app from OrionTech. pairing got better on sale.,1
support never replied smartwatch from ByteWorks. keyboard got better this week. üò§,0
frankly beats the competition NovaCore keyboard ‚Äî gps is bad.,1
frankly Qubitron tablet: pleasant surprise; esp. bluetooth! tablet Qubitron tablet Qubitron Qubitron bluetooth Qubitron Qubitron tablet tablet bluetooth Qubitron Qubitron bluetooth tablet bluetooth bluetooth,1
tbh ByteWorks app: poor quality; esp. noise-cancel.,0
battery drains fast Qubitron update. design feels ok. Qubitron Qubitron design design Qubitron Qubitron Qubitron update Qubitron update design design Qubitron update Qubitron,0
Zenxel update: false advertising; esp. display‚Ä¶ update display display Zenxel display update display display update Zenxel display Zenxel,0
tbh DeviLabs camera: rock solid; esp. microphone.,1
elegant design earbuds from Zenxel. build got better for the price.,1
one star Zenxel tablet. display feels bad. display display display display tablet display tablet display tablet display,0
frankly BluePeak monitor: beats the competition; esp. microphone. microphone microphone monitor microphone microphone monitor BluePeak monitor BluePeak microphone monitor microphone BluePeak microphone monitor monitor,1
frankly Aster tablet: impressive results; esp. stability. tablet tablet tablet tablet tablet tablet tablet tablet tablet tablet tablet tablet Aster tablet Aster Aster stability Aster Aster tablet stability,1
firmware made it worse drone from SkyLeaf. heart-rate got better . drone drone SkyLeaf SkyLeaf SkyLeaf SkyLeaf heart-rate heart-rate drone drone heart-rate heart-rate heart-rate heart-rate SkyLeaf SkyLeaf,0
frankly Aster router: documentation is clear; esp. battery‚Ä¶ thik-thak battery battery battery Aster battery battery battery router Aster battery router router battery Aster battery Aster Aster Aster,1
honestly JaguarX laptop: not worth the price; esp. packaging.,0
honestly exactly what I needed Banyan keyboard ‚Äî stability is ok. Banyan Banyan Banyan keyboard Banyan keyboard keyboard Banyan keyboard keyboard Banyan stability,1
sound is crisp and clear NovaCore camera. delivery feels great. NovaCore delivery delivery delivery delivery delivery delivery NovaCore camera delivery,1
to be fair MangoByte smartwatch: beats the competition; esp. firmware. smartwatch firmware firmware firmware smartwatch smartwatch MangoByte MangoByte MangoByte smartwatch MangoByte smartwatch firmware smartwatch smartwatch,1
to be fair KiteX streaming stick: smooth and reliable; esp. build. streaming stick build,1
pleasant surprise smartwatch from Zenxel. design got better this week!? Zenxel Zenxel smartwatch smartwatch smartwatch,1
latency is near zero Zenxel graphics card. packaging feels amazing. https://example.com Zenxel packaging graphics card packaging graphics card Zenxel Zenxel graphics card graphics card,1
confusing and clunky app from NovaCore. microphone got better after the latest patch. app NovaCore app microphone,0
overall waste of money NovaCore keyboard ‚Äî charging is terrible. keyboard keyboard charging NovaCore keyboard charging keyboard charging,0
terrible experience Banyan drone. packaging feels terrible. drone Banyan Banyan drone Banyan packaging drone packaging Banyan packaging drone Banyan packaging drone Banyan drone drone,0
tbh sound is crisp and clear DeviLabs power bank ‚Äî wifi is bad. DeviLabs wifi power bank power bank power bank,1
would not recommend Aster keyboard ‚Äî stability is amazing. #buggy Aster stability Aster Aster Aster Aster stability,0
realy disappinted DeviLabs earbuds. latenncy feels terirble. earrbuds DevLiabs latency latency lattency DeviLabs latency DeviLabs latency earbds earbuds earbuds DeviLabs DeviLLabs latency earbuds earbbuds DeviLabs,0
would not recommend smartwatch from ByteWorks. battery got better on sale! ByteWorks battery battery ByteWorks battery smartwatch battery smartwatch smartwatch smartwatch battery,0
customer support was excellent earbuds from OrionTech. noise-cancel got better .,1
cheap materials fitness band from KiteX. latency got better out of the box. latency KiteX KiteX KiteX KiteX KiteX KiteX KiteX latency fitness band latency,0
tbh user-friendly and fast SkyLeaf e-bike ‚Äî latency is amazing. latency SkyLeaf SkyLeaf e-bike e-bike,1
overall OrionTech update: latency is near zero; esp. firmware!!! OrionTech firmware OrionTech OrionTech update update firmware OrionTech update update firmware firmware firmware OrionTech OrionTech update,1
to be fair Aster keyboard: sound is crisp and clear; esp. pairing. pairing keyboard pairing keyboard Aster,1
PineLabs headphones: laggy to the point of useless; esp. display. üí•,0
waste of money action cam from DeviLabs. keyboard got better . jugaad keyboard DeviLabs keyboard action cam keyboard action cam keyboard DeviLabs keyboard keyboard DeviLabs action cam DeviLabs,0
would not recommend camera from SkyLeaf. stability got better ‚Ä¶,0
customer support was excellent router from MangoByte. packaging got better on sale. thik-thak,1
cheaap materials drone froom ByteWorks. heartrate got better this weekk. https://example.com drone drone heart-rtae ByteWorks heart-rate droone ByteWorks heart-rate drone heart-rate droe,0
would not recommend MangoByte e-bike. wifi feels terrible. wifi wifi,0
frankly Qubitron streaming stick: confusing and clunky; esp. design! streaming stick design streaming stick streaming stick design streaming stick streaming stick design design Qubitron design Qubitron Qubitron Qubitron design Qubitron streaming stick,0
superb quality NovaCore action cam. heart-rate feels great. action cam heart-rate action cam heart-rate NovaCore action cam NovaCore action cam action cam NovaCore NovaCore heart-rate heart-rate NovaCore,1
UI feels intuitive tablet from SkyLeaf. gps got better . ‚ú® jugaad,1
tbh BluePeak laptop: terrible experience; esp. latency!? latency latency BluePeak latency BluePeak BluePeak BluePeak latency BluePeak laptop,0
overall PineLabs smartwatch: awful build; esp. gps. gps smartwatch gps PineLabs PineLabs gps gps gps,0
a big letdown streaming stick from PineLabs. firmware got better for the price.,0
to be fair DeviLabs support: top-notch; esp. microphone. microphone DeviLabs DeviLabs support DeviLabs microphone microphone support support support microphone,1
docs are outdated Qubitron headphones. microphone feels bad. headphones microphone microphone Qubitron microphone headphones,0
never again PineLabs earbuds. heart-rate feels great‚Ä¶ PineLabs PineLabs earbuds,0
Aster printer: unreliable; esp. microphone! https://example.com microphone Aster Aster microphone printer Aster microphone microphone Aster printer printer Aster Aster Aster printer,0
will buy again JaguarX camera. noise-cancel feels bad. noise-cancel JaguarX noise-cancel noise-cancel,1
really disappointed Banyan earuds. noise-cancel feeels soolid. noisecancel noise-cancle earbuds noise-cancel noise-canel Banayn,0
UI feells intuitive NovaCore support. noise-canccel feels amazing. support NovCaore NovaCore NovaCorre noiise-cancel,1
Zenxel app: surprisingly good; esp. display. app Zenxel Zenxel display app app display app display Zenxel display display display app Zenxel display app,1
honestly confusing and clunky JaguarX headphones ‚Äî display is bad. https://example.com,0
keeps crashing Qubitron camera. design feels great. Qubitron design design design Qubitron camera camera design design design Qubitron Qubitron Qubitron,0
setup was a nightmare Banyan earbuds ‚Äî wifi is great!!,0
exceeded my expectations PineLabs support. charging feels amazing. PineLabs charging PineLabs charging charging,1
false advertising JaguarX app ‚Äî wifi is bad. JaguarX app wifi JaguarX wifi wifi app wifi wifi wifi app app app,0
honestly works like a charm Qubitron support ‚Äî design is amazing. support support design Qubitron Qubitron support Qubitron design design support Qubitron Qubitron Qubitron design design,1
smooth and reliable app from Acme. battery got better this week.,1
never again NovaCore tablet. bluetooth feels amazing. ü™´ bluetooth NovaCore bluetooth NovaCore bluetooth,0
false advertising smartwatch from JaguarX. stability got better this week.,0
to be fair Banyan camera: great value for money; esp. battery. battery battery battery camera,1
